key,result,diff,opponent
2020-1-AJ,Loss,7,
2020-1-Adam,Win,16,
2020-1-Kev,Loss,22,
2020-1-Ross,Win,28,
2020-10-AJ,Win,10,
2020-10-Adam,Win,4,
2020-10-Kev,Win,17,
2020-10-Ross,Loss,10,
2020-11-AJ,Win,38,
2020-11-Adam,Loss,3,
2020-11-Kev,Loss,37,
2020-11-Ross,Win,34,
2020-12-AJ,Win,5,
2020-12-Adam,Loss,16,
2020-12-Kev,Win,14,
2020-12-Ross,Loss,14,
2020-13-AJ,Loss,24,
2020-13-Adam,Win,4,
2020-13-Kev,Win,30,
2020-13-Ross,Loss,8,
2020-14-AJ,Loss,2,
2020-14-Adam,Loss,8,
2020-14-Kev,Win,22,
2020-14-Ross,Win,18,
2020-15-AJ,Loss,10,
2020-15-Adam,Win,11,
2020-15-Kev,Loss,16,
2020-15-Ross,Loss,14,
2020-2-AJ,Loss,14,
2020-2-Adam,Loss,21,
2020-2-Kev,Win,26,
2020-2-Ross,Loss,35,
2020-3-AJ,Loss,9,
2020-3-Adam,Win,9,
2020-3-Kev,Win,27,
2020-3-Ross,Loss,5,
2020-4-AJ,Loss,14,
2020-4-Adam,Win,18,
2020-4-Kev,Win,3,
2020-4-Ross,Win,24,
2020-5-AJ,Loss,10,
2020-5-Adam,Win,11,
2020-5-Kev,Loss,11,
2020-5-Ross,Loss,10,
2020-6-AJ,Win,3,
2020-6-Adam,Loss,12,
2020-6-Kev,Loss,6,
2020-6-Ross,Loss,4,
2020-7-AJ,Win,10,
2020-7-Adam,Loss,5,
2020-7-Kev,Win,25,
2020-7-Ross,Win,13,
2020-8-AJ,Loss,19,
2020-8-Adam,Loss,1,
2020-8-Kev,Loss,11,
2020-8-Ross,Loss,10,
2020-9-AJ,Win,13,
2020-9-Adam,Loss,20,
2020-9-Kev,Loss,31,
2020-9-Ross,Loss,10,
2021-1-AJ,Win,14,
2021-1-Adam,Win,17,
2021-1-Kev,Win,18,
2021-1-Ross,Loss,2,
2021-10-AJ,Win,6,
2021-10-Adam,Win,23,
2021-10-Kev,Loss,10,
2021-10-Ross,Loss,17,
2021-11-AJ,Loss,37,
2021-11-Adam,Loss,10,
2021-11-Kev,Win,18,
2021-11-Ross,Loss,31,
2021-12-AJ,Loss,19,
2021-12-Adam,Win,25,
2021-12-Kev,Loss,5,
2021-12-Ross,Push,-,at Iowa
2021-13-AJ,Loss,14,
2021-13-Adam,Loss,2,
2021-13-Kev,Win,26,
2021-13-Ross,Win,1,
2021-14-AJ,Win,3,
2021-14-Adam,Loss,3,
2021-14-Kev,Win,3,
2021-14-Ross,Win,12,
2021-15-AJ,Win,13,
2021-15-Adam,Win,21,
2021-15-Kev,Win,11,
2021-15-Ross,Loss,25,
2021-2-AJ,Win,1,
2021-2-Adam,Loss,12,
2021-2-Kev,Win,25,
2021-2-Ross,Loss,14,
2021-3-AJ,Win,2,
2021-3-Adam,Win,15,
2021-3-Kev,Win,9,
2021-3-Ross,Win,1,
2021-4-AJ,Win,23,
2021-4-Adam,Win,10,
2021-4-Kev,Win,7,
2021-4-Ross,Loss,4,
2021-5-AJ,Loss,17,
2021-5-Adam,Win,20,
2021-5-Kev,Loss,27,
2021-5-Ross,Win,7,
2021-6-AJ,Loss,9,
2021-6-Adam,Win,9,
2021-6-Kev,Loss,9,
2021-6-Ross,Loss,15,
2021-7-AJ,Win,3,
2021-7-Adam,Win,5,
2021-7-Kev,Loss,12,
2021-7-Ross,Win,14,
2021-8-AJ,Win,23,
2021-8-Adam,Win,11,
2021-8-Kev,Win,1,
2021-8-Ross,Loss,19,
2021-9-AJ,Win,3,
2021-9-Adam,Loss,10,
2021-9-Kev,Win,7,
2021-9-Ross,Win,27,
2022-0-AJ,Loss,44,
2022-0-Adam,Loss,23,
2022-0-Kev,Win,16,
2022-0-Ross,Loss,9,
2022-1-AJ,Loss,29,
2022-1-Adam,Win,9,
2022-1-Kev,Win,2,
2022-1-Ross,Loss,4,
2022-10-AJ,Win,10,
2022-10-Adam,Loss,3,
2022-10-Kev,Win,5,
2022-10-Ross,Win,6,
2022-11-AJ,Win,8,
2022-11-Adam,Loss,17,
2022-11-Kev,Win,34,
2022-11-Ross,Loss,1,
2022-12-AJ,Loss,18,
2022-12-Adam,Win,8,
2022-12-Kev,Loss,8,
2022-12-Ross,Loss,16,
2022-13-AJ,Loss,16,
2022-13-Adam,Win,7,
2022-13-Kev,Win,1,
2022-13-Ross,Win,9,
2022-14-AJ,Win,4,
2022-14-Adam,Win,17,
2022-14-Kev,Loss,26,
2022-14-Ross,Win,11,
2022-2-AJ,Loss,23,
2022-2-Adam,Win,6,
2022-2-Kev,Win,5,
2022-2-Ross,Win,11,
2022-3-AJ,Win,6,
2022-3-Adam,Loss,3,
2022-3-Kev,Loss,3,
2022-3-Ross,Win,4,
2022-4-AJ,Win,9,
2022-4-Adam,Loss,3,
2022-4-Kev,Win,3,
2022-4-Ross,Loss,1,
2022-5-AJ,Loss,7,
2022-5-Adam,Win,17,
2022-5-Kev,Loss,19,
2022-5-Ross,Win,6,
2022-6-AJ,Loss,4,
2022-6-Adam,Win,25,
2022-6-Kev,Win,29,
2022-6-Ross,Loss,14,
2022-7-AJ,Win,3,
2022-7-Adam,Win,17,
2022-7-Kev,Loss,14,
2022-7-Ross,Loss,2,
2022-8-AJ,Loss,13,
2022-8-Adam,Loss,3,
2022-8-Kev,Loss,24,
2022-8-Ross,Loss,9,
2022-9-AJ,Win,9,
2022-9-Adam,Loss,17,
2022-9-Kev,Loss,47,
2022-9-Ross,Loss,31,
2023-0-AJ,Win,19,
2023-0-Adam,Loss,11,
2023-0-Kev,Loss,18,
2023-0-Ross,Win,18,
2023-1-AJ,Win,10,
2023-1-Adam,Win,16,
2023-1-Kev,Win,16,
2023-1-Ross,Loss,24,
2023-10-AJ,Win,5,
2023-10-Adam,Loss,19,
2023-10-Kev,Win,38,
2023-10-Ross,Win,18,
2023-11-AJ,Loss,27,
2023-11-Adam,Loss,7,
2023-11-Kev,Win,5,
2023-11-Ross,Win,9,
2023-12-AJ,Loss,6,
2023-12-Adam,Win,7,
2023-12-Kev,Win,6,
2023-12-Ross,Win,7,
2023-13-AJ,Loss,51,
2023-13-Adam,Loss,9,
2023-13-Kev,Loss,15,
2023-13-Ross,Win,26,
2023-14-AJ,Loss,4,
2023-14-Adam,Loss,26,
2023-14-Kev,Loss,22,
2023-14-Ross,Win,13,
2023-2-AJ,Win,2,
2023-2-Adam,Loss,17,
2023-2-Kev,Loss,36,
2023-2-Ross,Win,18,
2023-3-AJ,Win,1,
2023-3-Adam,Win,10,
2023-3-Kev,Loss,13,
2023-3-Ross,Win,17,
2023-4-AJ,Win,2,
2023-4-Adam,Win,10,
2023-4-Kev,Win,6,
2023-4-Ross,Win,9,
2023-5-AJ,Loss,15,
2023-5-Adam,Loss,10,
2023-5-Kev,Loss,4,
2023-5-Ross,Win,4,
2023-6-AJ,Win,24,
2023-6-Adam,Loss,20,
2023-6-Kev,Win,24,
2023-6-Ross,Win,23,
2023-7-AJ,Win,2,
2023-7-Adam,Win,7,
2023-7-Kev,Win,2,
2023-7-Ross,Win,19,
2023-8-AJ,Loss,9,
2023-8-Adam,Loss,16,
2023-8-Kev,Loss,12,
2023-8-Ross,Loss,4,
2023-9-AJ,Win,31,
2023-9-Adam,Loss,6,
2023-9-Kev,Loss,15,
2023-9-Ross,Win,12,
2024-1-AJ,Loss,1,
2024-1-Adam,Loss,21,
2024-1-Kev,Win,24,
2024-1-Ross,Win,2,
2024-10-AJ,Win,5,
2024-10-Adam,Win,1,
2024-10-Kev,Loss,25,
2024-10-Ross,Win,11,
2024-11-AJ,Win,15,
2024-11-Adam,Loss,11,
2024-11-Kev,Win,46,
2024-11-Ross,Loss,11,
2024-12-AJ,Loss,20,
2024-12-Adam,Loss,2,
2024-12-Kev,Loss,13,
2024-12-Ross,Loss,11,
2024-13-AJ,Win,13,
2024-13-Adam,Loss,35,
2024-13-Kev,Loss,19,
2024-13-Ross,Win,21,
2024-14-AJ,Win,30,
2024-14-Adam,Win,15,
2024-14-Kev,Win,34,
2024-14-Ross,Win,6,
2024-15-AJ,Loss,5,
2024-15-Adam,Win,10,
2024-15-Kev,Win,25,
2024-15-Ross,Win,6,
2024-2-AJ,Win,6,
2024-2-Adam,Loss,4,
2024-2-Kev,Win,15,
2024-2-Ross,Loss,12,
2024-3-AJ,Win,10,
2024-3-Adam,Win,26,
2024-3-Kev,Win,11,
2024-3-Ross,Win,15,
2024-4-AJ,Loss,15,
2024-4-Adam,Win,21,
2024-4-Kev,Loss,6,
2024-4-Ross,Win,4,
2024-5-AJ,Win,39,
2024-5-Adam,Loss,19,
2024-5-Kev,Win,21,
2024-5-Ross,Win,8,
2024-6-AJ,Loss,25,
2024-6-Adam,Loss,2,
2024-6-Kev,Win,16,
2024-6-Ross,Win,9,
2024-7-AJ,Win,9,
2024-7-Adam,Win,1,
2024-7-Kev,Loss,1,
2024-7-Ross,Loss,4,
2024-8-AJ,Win,9,
2024-8-Adam,Win,13,
2024-8-Kev,Win,26,
2024-8-Ross,Loss,16,
2024-9-AJ,Win,23,
2024-9-Adam,Push,-,
2024-9-Kev,Win,3,
2024-9-Ross,Win,2,
2025-0-AJ,Win,7,
2025-0-Adam,Win,11,
2025-0-Kev,Loss,6,
2025-0-Ross,Win,5,
2025-1-AJ,Loss,8,
2025-1-Adam,Win,2,
2025-1-Kev,Loss,13,
2025-1-Ross,Win,4,
2025-10-AJ,Loss,8,
2025-10-Adam,Loss,10,
2025-10-Kev,Win,18,
2025-10-Ross,Loss,9,
2025-11-AJ,Loss,1,
2025-11-Adam,Win,2,
2025-11-Kev,Win,12,
2025-11-Ross,Loss,12,
2025-12-AJ,Win,4,
2025-12-Adam,Win,19,
2025-12-Kev,Loss,2,
2025-12-Ross,Loss,2,
2025-13-AJ,Loss,9,
2025-13-Adam,Win,4,
2025-13-Kev,Win,5,
2025-13-Ross,Loss,24,
2025-14-AJ,Win,24,
2025-14-Adam,Win,3,
2025-14-Kev,Loss,4,
2025-14-Ross,Win,25,
2025-15-AJ,Loss,7,
2025-15-Adam,Loss,24,
2025-15-Kev,Win,14,
2025-15-Ross,Loss,15,
2025-2-AJ,Win,1,
2025-2-Adam,Win,18,
2025-2-Kev,Win,1,
2025-2-Ross,Loss,17,
2025-3-AJ,Win,1,
2025-3-Adam,Loss,15,
2025-3-Kev,Loss,1,
2025-3-Ross,Win,12,
2025-4-AJ,Loss,27,
2025-4-Adam,Loss,28,
2025-4-Kev,Loss,10,
2025-4-Ross,Loss,27,
2025-5-AJ,Win,4,
2025-5-Adam,Loss,10,
2025-5-Kev,Loss,3,
2025-5-Ross,Loss,22,
2025-6-AJ,Loss,14,
2025-6-Adam,Loss,5,
2025-6-Kev,Win,1,
2025-6-Ross,Win,6,
2025-7-AJ,Win,11,
2025-7-Adam,Loss,2,
2025-7-Kev,Loss,22,
2025-7-Ross,Loss,17,
2025-8-AJ,Loss,4,
2025-8-Adam,Loss,15,
2025-8-Kev,Push,-,at Notre Dame
2025-8-Ross,Loss,16,
2025-9-AJ,Win,6,
2025-9-Adam,Loss,17,
2025-9-Kev,Win,4,
2025-9-Ross,Win,5,
2026-0-AJ,Loss,,
2026-0-Adam,Loss,,
2026-0-Kev,Win,,
2026-0-Ross,Win,,
2026-1-AJ,Win,16,at Stanford
2026-1-Adam,Loss,28,at Tulsa
2026-1-Kev,Win,11,vs East Carolina
2026-1-Ross,Push,-,at Florida State
2026-2-AJ,Win,2,at Pittsburgh
2026-2-Adam,Loss,10,vs Duke
2026-2-Kev,Loss,1,vs Jacksonville State
2026-2-Ross,Loss,11,vs Iowa State
2026-3-Adam,Win,6,at Texas Tech
2026-3-Ross,Loss,4,at Pittsburgh
