year,week,name,type,team,Opponent,points,result,diff
2020,1,Adam,Dog,GA Tech,at Florida State,12.5,Win,16
2020,1,Kev,Favorite,Kansas,vs Coastal Carolina,7,Loss,22
2020,1,AJ,Favorite,Notre Dame,at Alabama,20.5,Loss,7
2020,1,Ross,Favorite,Pitt,vs Austin Peay,27,Win,28
2020,2,Ross,Over,App State/Marshall,,59,Loss,35
2020,2,Kev,Dog,Boston College,at Duke,6,Win,26
2020,2,Adam,Dog,GA Tech,at Florida State,7.5,Loss,21
2020,2,AJ,Favorite,Okie State,,23,Loss,14
2020,3,AJ,Favorite,Alabama,at Missouri,27.5,Loss,9
2020,3,Adam,Favorite,Auburn,vs Kentucky,7.5,Win,9
2020,3,Ross,Favorite,Liberty,at Western Kentucky,7,Loss,5
2020,3,Kev,Dog,Mississippi State,at LSU,17,Win,27
2020,4,Ross,Dog,Arkansas,vs Georgia,17,Win,24
2020,4,Adam,Favorite,Okie State,vs West Virginia,22,Win,18
2020,4,AJ,Favorite,Oklahoma,vs Kansas State,7,Loss,14
2020,4,Kev,Favorite,SMU,vs Stephen F. Austin,0,Win,3
2020,5,AJ,Under,Arkansas/Auburn,,48,Loss,10
2020,5,Ross,Favorite,Florida,vs South Carolina,6.5,Loss,10
2020,5,Adam,Favorite,Georgia,vs Auburn,12,Win,11
2020,5,Kev,Dog,Miami,,14,Loss,11
2020,6,Kev,Over,Navy/ECU,,55.5,Loss,6
2020,6,Adam,Favorite,Notre Dame,vs Florida State,16.5,Loss,12
2020,6,AJ,Over,Pitt/Miami,,47.5,Win,3
2020,6,Ross,Favorite,UCF,,3,Loss,4
2020,7,AJ,Favorite,Alabama,vs Georgia,21,Win,10
2020,7,Kev,Dog,Rutgers,at Michigan State,13.5,Win,25
2020,7,Adam,Favorite,Troy,vs Eastern Kentucky,2.5,Loss,5
2020,7,Ross,Favorite,UNC,at Florida State,14,Win,13
2020,8,AJ,Favorite,Clemson,vs Syracuse,24.5,Loss,19
2020,8,Kev,Favorite,Okie State,vs Iowa State,3.5,Loss,11
2020,8,Adam,Favorite,Purdue,vs Iowa,7.5,Loss,1
2020,8,Ross,Favorite,UNC,vs NC State,7,Loss,10
2020,9,Kev,Dog,Boise State,at Air Force,3.5,Loss,31
2020,9,Adam,Favorite,Michigan,vs Michigan State,3,Loss,20
2020,9,AJ,Favorite,Oregon,vs Stanford,8,Win,13
2020,9,Ross,Favorite,USC,vs Arizona State,11,Loss,10
2020,10,AJ,Dog,Arizona,vs USC,14,Win,10
2020,10,Kev,Over,ECU/Cincinnati,,55.5,Win,17
2020,10,Adam,Favorite,Oregon,vs Stanford,10,Win,4
2020,10,Ross,Favorite,Rutgers,at Ohio State,7,Loss,10
2020,11,Adam,Favorite,Cincinnati,vs East Carolina,5.5,Loss,3
2020,11,Ross,Favorite,ISU,,11,Win,34
2020,11,Kev,Over,Liberty/NC State,,66,Loss,37
2020,11,AJ,Over,Michigan/Rutgers,,52.5,Win,38
2020,12,AJ,Favorite,Alabama,vs Kentucky,24,Win,5
2020,12,Kev,Over,Clemson/Pitt,,55,Win,14
2020,12,Ross,Over,Michigan/Penn State,,58,Loss,14
2020,12,Adam,Favorite,Oregon,vs UCLA,13,Loss,16
2020,13,AJ,Favorite,Clemson (1H),,11.5,Loss,24
2020,13,Kev,Favorite,ISU,at Texas,6.5,Win,30
2020,13,Adam,Favorite,NC State,at Syracuse,6.5,Win,4
2020,13,Ross,Favorite,Okie State,vs Texas Tech,1,Loss,8
2020,14,Kev,Over,ASU/Arizona,,55,Win,22
2020,14,Adam,Dog,Mississippi State,,6.5,Loss,8
2020,14,AJ,Over,Northwestern/Illinois,,40,Loss,2
2020,14,Ross,Dog,Utah,vs Oregon State,1,Win,18
2020,15,AJ,Favorite,Alabama,at Arkansas,15.5,Loss,10
2020,15,Kev,Over,Clemson/Notre Dame,,60,Loss,16
2020,15,Ross,Dog,Notre Dame,,10.5,Loss,14
2020,15,Adam,Dog,Tulsa,,14,Win,11
2021,1,Kev,Favorite,Fresno St.,,27.5,Win,18
2021,1,Ross,Over,Nebraska/Illinois,,54,Loss,2
2021,1,Adam,Favorite,UCLA,,17.5,Win,17
2021,1,AJ,Under,UCLA/Hawaii,,68,Win,14
2021,2,Kev,Favorite,Iowa,at Iowa State,3.5,Win,25
2021,2,AJ,Over,LSU/UCLA,,64.5,Win,1
2021,2,Ross,Favorite,San Diego State,at Arizona,31.5,Loss,14
2021,2,Adam,Favorite,Wisconsin,vs Eastern Michigan,5.5,Loss,12
2021,3,AJ,Favorite,Coastal Carolina,at Buffalo,25.5,Win,2
2021,3,Adam,Dog,Iowa,vs Kent State,4.5,Win,15
2021,3,Kev,Favorite,Rutgers,vs Delaware,1.5,Win,9
2021,3,Ross,Favorite,Wyoming,vs Ball State,6.5,Win,1
2021,4,Ross,Favorite,Boise State,at Utah State,3,Loss,4
2021,4,Adam,Favorite,Cincinnati,,4,Win,10
2021,4,Kev,Favorite,Notre Dame,at Wisconsin,7,Win,7
2021,4,AJ,Favorite,USC,vs Oregon State,8,Win,23
2021,5,Adam,Favorite,Air Force,at New Mexico,4,Win,20
2021,5,AJ,Over,Michigan/Rutgers,,49.5,Loss,17
2021,5,Kev,Over,Oklahoma/WVU,,55.5,Loss,27
2021,5,Ross,Favorite,UCLA,vs Arizona State,4.5,Win,7
2021,6,Adam,Dog,Boston College,,15,Win,9
2021,6,AJ,Under,Louisville/Wake Forest,,62,Loss,9
2021,6,Kev,Dog,Notre Dame,at Virginia Tech,2,Loss,9
2021,6,Ross,Favorite,Oregon,,8,Loss,15
2021,7,Adam,Favorite,Air Force,at Boise State,5,Win,5
2021,7,AJ,Favorite,Florida,at LSU,39,Win,3
2021,7,Kev,Under,Ohio State/Maryland,,71,Loss,12
2021,7,Ross,Favorite,Wisconsin,vs Army,10,Win,14
2021,8,Adam,Dog,Air Force,vs San Diego State,4,Win,11
2021,8,AJ,Favorite,Alabama,vs Tennessee,17,Win,23
2021,8,Ross,Favorite,Florida,,11.5,Loss,19
2021,8,Kev,Favorite,Mich State,,4.5,Win,1
2021,9,Adam,Favorite,Air Force,,3.5,Loss,10
2021,9,AJ,Favorite,Alabama,,25,Win,3
2021,9,Ross,Favorite,Ohio State,vs Penn State,20,Win,27
2021,9,Kev,Favorite,Pitt,vs Miami,3,Win,7
2021,10,Kev,Over,Georgia/Florida,,51,Loss,10
2021,10,Ross,Dog,Iowa,at Northwestern,3.5,Loss,17
2021,10,AJ,Favorite,Rutgers,vs Wisconsin,0,Win,6
2021,10,Adam,Favorite,Wake Forest,at North Carolina,15.5,Win,23
2021,11,Adam,Favorite,Air Force,at Colorado State,2.5,Loss,10
2021,11,Ross,Favorite,Fresno St.,vs New Mexico,4.5,Loss,31
2021,11,Kev,Favorite,Okie State,vs TCU,3.5,Win,18
2021,11,AJ,Under,Wake Forest/UNC,,76.5,Loss,37
2021,12,Adam,Over,Coastal Carolina/GA State,,57,Win,25
2021,12,Ross,Dog,Minnesota,at Indiana,5,Push,26
2021,12,Kev,Dog,New Mexico State,at Kentucky,51.5,Loss,5
2021,12,AJ,Favorite,Oklahoma,vs Iowa State,5.5,Loss,19
2021,13,AJ,Favorite,Alabama,at Auburn,20.5,Loss,14
2021,13,Ross,Dog,Navy,at Temple,4,Win,1
2021,13,Adam,Over,Texas/WVU,,56,Loss,2
2021,13,Kev,Favorite,UCLA,vs California,3,Win,26
2021,14,Adam,Favorite,BYU,at USC,6.5,Loss,3
2021,14,AJ,Favorite,Florida,vs Florida State,0,Win,3
2021,14,Ross,Favorite,Notre Dame,at Stanford,19.5,Win,12
2021,14,Kev,Favorite,Oregon,at Utah,6.5,Win,3
2021,15,Kev,Dog,Louisiana Laf,vs App State,2.5,Win,11
2021,15,AJ,Favorite,Montana,vs Eastern Washington,3.5,Win,13
2021,15,Ross,Dog,Oregon,at Utah,3,Loss,25
2021,15,Adam,Favorite,Pitt,at Wake Forest,3.5,Win,21
2022,0,Adam,Dog,Charlotte,,7.5,Loss,23
2022,0,AJ,Dog,Hawaii,,9,Loss,44
2022,0,Ross,Under,Nebraska/Northwestern,,50.5,Loss,9
2022,0,Kev,Dog,UConn,,26.5,Win,16
2022,1,Ross,Favorite,LSU,,2.5,Loss,4
2022,1,AJ,Over,Notre Dame/Ohio State,,59.5,Loss,29
2022,1,Adam,Favorite,South Carolina,,12.5,Win,9
2022,1,Kev,Favorite,UNC,,0.5,Win,2
2022,2,Adam,Favorite,Arkansas,vs South Carolina,8.5,Win,6
2022,2,AJ,Over,Iowa/ISU,,40,Loss,23
2022,2,Ross,Favorite,Mississippi State,at Arizona,11,Win,11
2022,2,Kev,Favorite,USC,at Stanford,8.5,Win,5
2022,3,Kev,Dog,Nevada,at Iowa,24,Loss,3
2022,3,Adam,Favorite,Purdue,at Syracuse,0,Loss,3
2022,3,AJ,Over,Vandy/NIU,,60,Win,6
2022,3,Ross,Dog,Western Kentucky,at Indiana,6.5,Win,4
2022,4,Ross,Favorite,Clemson,at Wake Forest,7,Loss,1
2022,4,Kev,Over,Iowa/Rutgers,,34,Win,3
2022,4,AJ,Over,Rice/Houston,,52,Win,9
2022,4,Adam,Favorite,USC,at Oregon State,6,Loss,3
2022,5,AJ,Over,Cincinnati/Tulsa,,58.5,Loss,7
2022,5,Ross,Over,Clemson/NC State,,44,Win,6
2022,5,Kev,Over,Fresno/UConn,,52,Loss,19
2022,5,Adam,Dog,Wake Forest,at Florida State,7,Win,17
2022,6,Kev,Favorite,Buffalo,at Bowling Green,2.5,Win,29
2022,6,AJ,Under,Texas Tech/Okie State,,68,Loss,4
2022,6,Ross,Favorite,Utah,at UCLA,4,Loss,14
2022,6,Adam,Favorite,Wisconsin,at Northwestern,10,Win,25
2022,7,Adam,Favorite,Arkansas,at BYU,0,Win,17
2022,7,AJ,Favorite,Clemson,at Florida State,3.5,Win,3
2022,7,Kev,Favorite,Mississippi State,at Kentucky,4,Loss,14
2022,7,Ross,Dog,USF,vs Tulane,12,Loss,2
2022,8,Adam,Over,BYU/Liberty,,58,Loss,3
2022,8,Kev,Dog,Ole Miss,at LSU,1.5,Loss,24
2022,8,AJ,Favorite,Texas,at Oklahoma State,6,Loss,13
2022,8,Ross,Dog,UCLA,at Oregon,6.5,Loss,9
2022,9,AJ,Favorite,Iowa,vs Northwestern,11,Win,9
2022,9,Kev,Dog,Okie State,at Kansas State,1.5,Loss,47
2022,9,Adam,Favorite,Syracuse,vs Notre Dame,0,Loss,17
2022,9,Ross,Favorite,Wake Forest,at Louisville,3.5,Loss,31
2022,10,AJ,Favorite,ISU,vs West Virginia,7.5,Win,10
2022,10,Ross,Favorite,Texas,at Kansas State,1.5,Win,6
2022,10,Kev,Over,UCF/Memphis,,58.5,Win,5
2022,10,Adam,Over,UConn/UMass,,40,Loss,3
2022,11,Adam,Favorite,Liberty,at UConn,14,Loss,17
2022,11,Kev,Over,Missouri/Tennessee,,56.5,Win,34
2022,11,AJ,Dog,Okie State,vs Iowa State,1.5,Win,8
2022,11,Ross,Over,Wisconsin/Iowa,,34.5,Loss,1
2022,12,Adam,Favorite,FSU,vs Louisiana,24,Win,8
2022,12,AJ,Favorite,Mich State,vs Indiana,10,Loss,18
2022,12,Ross,Favorite,Michigan,vs Illinois,17.5,Loss,16
2022,12,Kev,Dog,Okie State,at Oklahoma,7.5,Loss,8
2022,13,Kev,Over,Arkansas/Missouri,,55.5,Win,1
2022,13,Adam,Over,Cincinnati/Tulane,,44,Win,7
2022,13,AJ,Favorite,Clemson,vs South Carolina,14.5,Loss,16
2022,13,Ross,Favorite,Kstate,vs Kansas,11.5,Win,9
2022,14,AJ,Favorite,Michigan,vs Purdue,17,Win,4
2022,14,Ross,Favorite,Troy,vs Coastal Carolina,8.5,Win,11
2022,14,Adam,Over,UCF/Tulane,,56.5,Win,17
2022,14,Kev,Favorite,USC,vs Utah,2.5,Loss,26
2023,0,Kev,Favorite,New Mexico State,,7,Loss,18
2023,0,AJ,Favorite,Notre Dame,,20.5,Win,19
2023,0,Ross,Over,USC/San Jose St,,66,Win,18
2023,0,Adam,Favorite,Vandy,,17.5,Loss,11
2023,1,AJ,Favorite,Alabama,,39.5,Win,10
2023,1,Ross,Favorite,TCU,vs Colorado,20.5,Loss,24
2023,1,Adam,Favorite,Washington State,at Colorado State,10.5,Win,16
2023,1,Kev,Dog,Wyoming,,14,Win,16
2023,2,Adam,Favorite,Alabama,vs Texas,7,Loss,17
2023,2,Kev,Over,Ohio/FAU,,62.5,Loss,36
2023,2,Ross,Favorite,Ole Miss,at Tulane,7,Win,18
2023,2,AJ,Dog,Tulsa,at Washington,35,Win,2
2023,3,Adam,Over,KState/Missouri,,47,Win,10
2023,3,Ross,Favorite,LSU,at Mississippi State,9.5,Win,17
2023,3,AJ,Over,LSU/Mississippi State,,54.5,Win,1
2023,3,Kev,Dog,Purdue,vs Syracuse,2.5,Loss,13
2023,4,Kev,Favorite,FSU,at Clemson,1.5,Win,6
2023,4,AJ,Favorite,Kansas,vs BYU,9.5,Win,2
2023,4,Adam,Over,Kansas/BYU,,55,Win,10
2023,4,Ross,Favorite,Texas A&M,vs Auburn,8,Win,9
2023,5,Ross,Favorite,Georgia Southern,vs Coastal Carolina,6.5,Win,4
2023,5,Adam,Dog,South Carolina,at Tennessee,11.5,Loss,10
2023,5,AJ,Favorite,USC,at Colorado,21.5,Loss,15
2023,5,Kev,Over,UVA/Boston College,,54.5,Loss,4
2023,6,Kev,Favorite,Georgia,vs Kentucky,14.5,Win,24
2023,6,AJ,Over,LSU/Missouri,,64,Win,24
2023,6,Ross,Favorite,Michigan,at Minnesota,19.5,Win,23
2023,6,Adam,Favorite,TCU,at Iowa State,6.5,Loss,20
2023,7,Kev,Over,Georgia/Vandy,,55.5,Win,2
2023,7,Ross,Favorite,LSU,vs Auburn,11.5,Win,19
2023,7,AJ,Dog,Mich State,at Rutgers,4.5,Win,2
2023,7,Adam,Favorite,UNC,vs Miami,3.5,Win,7
2023,8,Kev,Over,Air Force/Navy,,34.5,Loss,12
2023,8,Ross,Favorite,Nebraska,vs Northwestern,11.5,Loss,4
2023,8,Adam,Favorite,Oklahoma,vs UCF,17.5,Loss,16
2023,8,AJ,Favorite,USC,vs Utah,7,Loss,9
2023,9,AJ,Favorite,Notre Dame,vs Pittsburgh,20.5,Win,31
2023,9,Kev,Favorite,Oklahoma,at Kansas,9.5,Loss,15
2023,9,Adam,Favorite,Oregon State,at Arizona,3,Loss,6
2023,9,Ross,Under,Wisconsin/Ohio State,,45.5,Win,12
2023,10,Kev,Dog,Army,at Air Force,17.5,Win,38
2023,10,Adam,Over,Kentucky/Mississippi State,,45.5,Loss,19
2023,10,AJ,Dog,Pitt,vs Florida State,21.5,Win,5
2023,10,Ross,Over,USC/Washington,,76.5,Win,18
2023,11,Adam,Favorite,Kansas,vs Texas Tech,3.5,Loss,7
2023,11,Kev,Favorite,Michigan ,at Penn State,4.5,Win,5
2023,11,Ross,Under,Northwestern/Wisconsin,,42.5,Win,9
2023,11,AJ,Favorite,UCLA,vs Arizona State,16.5,Loss,27
2023,12,AJ,Favorite,Kstate,at Kansas,9.5,Loss,6
2023,12,Kev,Favorite,Louisville,at Miami,1.5,Win,6
2023,12,Adam,Favorite,Okie State,at Houston,6.5,Win,7
2023,12,Ross,Dog,UNLV,at Air Force,2.5,Win,7
2023,13,Ross,Favorite,Kansas,at Cincinnati,7,Win,26
2023,13,AJ,Under,TCU/Oklahoma,,63.5,Loss,51
2023,13,Adam,Favorite,UNLV,vs San José State,2.5,Loss,9
2023,13,Kev,Favorite,Utah,vs Colorado,20.5,Loss,15
2023,14,Adam,Over,FSU/Louisville,,47.5,Loss,26
2023,14,AJ,Over,Georgia/Alabama,,55,Loss,4
2023,14,Ross,Favorite,Texas,vs Oklahoma State,15,Win,13
2023,14,Kev,Dog,UNLV,vs Boise State,2.5,Loss,22
2024,1,AJ,Favorite,Michigan,,21,Loss,1
2024,1,Kev,Over,Pitt/Kent St,,55.5,Win,24
2024,1,Ross,Dog,Stanford,vs TCU,9,Win,2
2024,1,Adam,Favorite,VA Tech,,13.5,Loss,21
2024,2,Ross,Favorite,Kansas,at Illinois,5.5,Loss,12
2024,2,Kev,Favorite,Navy,vs Temple,12.5,Win,15
2024,2,AJ,Dog,Syracuse,vs Georgia Tech,2.5,Win,6
2024,2,Adam,Favorite,Utah,vs Baylor,14.5,Loss,4
2024,3,Ross,Favorite,Alabama,at Wisconsin,17.5,Win,15
2024,3,Kev,Dog,Boston College,at Missouri,16.5,Win,11
2024,3,Adam,Favorite,Indiana,at UCLA,3,Win,26
2024,3,AJ,Favorite,Minnesota,vs Nevada,17.5,Win,10
2024,4,AJ,Under,Florida/Mississippi State,,58.5,Loss,15
2024,4,Adam,Dog,Navy,vs Memphis,9,Win,21
2024,4,Kev,Favorite,Okie State,vs Utah,2.5,Loss,6
2024,4,Ross,Favorite,Tennessee,at Oklahoma,6.5,Win,4
2024,5,Kev,Over,Fordham/Monmouth,,63.5,Win,21
2024,5,Ross,Favorite,Ohio State,at Michigan State,23.5,Win,8
2024,5,Adam,Favorite,Ole Miss,vs Kentucky,15.5,Loss,19
2024,5,AJ,Favorite,UConn,vs Buffalo,5.5,Win,39
2024,6,AJ,Over,Florida/UCF,,62,Loss,25
2024,6,Kev,Dog,Minnesota,vs USC,9,Win,16
2024,6,Ross,Favorite,Ohio State,vs Iowa,19.5,Win,9
2024,6,Adam,Over,TCU/Houston,,51,Loss,2
2024,7,AJ,Dog,Cincinnatti,at UCF,2.5,Win,9
2024,7,Adam,Favorite,Minnesota,at UCLA,3.5,Win,1
2024,7,Ross,Favorite,Ohio State,at Oregon,3,Loss,4
2024,7,Kev,Favorite,Pitt,vs California,2.5,Loss,1
2024,8,Ross,Favorite,Iowa,at Michigan State,4,Loss,16
2024,8,AJ,Dog,Maryland,vs USC,7.5,Win,9
2024,8,Kev,Under,Oregon/Purdue,,60.5,Win,26
2024,8,Adam,Favorite,Wisconsin,at Northwestern,7.5,Win,13
2024,9,Adam,Over,Texas/Vandy,,51,Push,-
2024,9,AJ,Favorite,Notre Dame,at Navy,14,Win,23
2024,9,Kev,Favorite,Michigan,vs Michigan State,4.5,Win,3
2024,9,Ross,Favorite,Boise State,at UNLV,3.5,Win,2
2024,10,Adam,Dog,Florida,at Georgia,14.5,Win,1
2024,10,AJ,Favorite,Minnesota,at Illinois,3,Win,5
2024,10,Kev,Favorite,Navy,at Rice,10.5,Loss,25
2024,10,Ross,Over,Wisconsin/Iowa,,41.5,Win,11
2024,11,Adam,Over,Vandy/South Carolina,,45.5,Loss,11
2024,11,AJ,Favorite,TCU,vs Oklahoma State,10.5,Win,15
2024,11,Kev,Under,Army/North Texas,,62.5,Win,46
2024,11,Ross,Favorite,Oklahoma,at Missouri,3.5,Loss,11
2024,12,Adam,Under,Boise State/San Jose State,,61.5,Loss,2
2024,12,AJ,Dog,Michigan State,at Illinois,2.5,Loss,20
2024,12,Kev,Over,LSU/Florida,,55.5,Loss,13
2024,12,Ross,Favorite,Oregon,at Wisconsin,13.5,Loss,11
2024,13,AJ,Favorite,Ohio State,vs Indiana,10.5,Win,13
2024,13,Adam,Favorite,Alabama,at Oklahoma,13.5,Loss,35
2024,13,Kev,Favorite,Colorado,at Kansas,2.5,Loss,19
2024,13,Ross,Favorite,Notre Dame,vs Army,14,Win,21
2024,14,AJ,Dog,Baylor,vs Kansas,1.5,Win,30
2024,14,Adam,Dog,Syracuse,vs Miami,11,Win,15
2024,14,Kev,Favorite,Arizona State,at Arizona,8.5,Win,34
2024,14,Ross,Dog,South Carolina,at Clemson,3,Win,6
2024,15,AJ,Dog,Penn State,at Oregon,3.5,Loss,5
2024,15,Adam,Over,Clemson/SMU,,55.5,Win,10
2024,15,Kev,Favorite,Arizona State,vs Iowa State,1.5,Win,25
2024,15,Ross,Dog,Clemson,at SMU,2.5,Win,6
2025,0,Adam,Favorite,Kansas,,13.5,Win,11
2025,0,AJ,Under,Stanford/Hawaii,,50,Win,7
2025,0,Kev,Favorite,Kansas State,,3,Loss,6
2025,0,Ross,Over,Western Kentucky/Sam Houston State,,60.5,Win,5
2025,1,Kev,Dog,Baylor,vs Auburn,1,Loss,13
2025,1,AJ,Favorite,Penn State,,43,Loss,8
2025,1,Ross,Favorite,Georgia Tech,,3.5,Win,4
2025,1,Adam,Dog,Toledo,,10,Win,2
2025,2,Adam,Over,Fresno State/Oregon State,,45,Win,18
2025,2,Ross,Dog,Western Kentucky,at Toledo,7,Loss,17
2025,2,AJ,Dog,Iowa,at Iowa State,3.5,Win,1
2025,2,Kev,Favorite,Syracuse,vs UConn,6.5,Win,1
2025,3,Adam,Favorite,Liberty,at Bowling Green,5,Loss,15
2025,3,Ross,Favorite,Houston,vs Colorado,4,Win,12
2025,3,AJ,Dog,Arkansas,at Ole Miss,7,Win,1
2025,3,Kev,Favorite,Georgia,at Tennessee,3.5,Loss,1
2025,4,Adam,Favorite,Utah,vs Texas Tech,3.5,Loss,28
2025,4,AJ,Favorite,FIU,,5,Loss,27
2025,4,Ross,Favorite,Wisconsin,vs Maryland,10,Loss,27
2025,4,Kev,Favorite,Buffalo,vs Troy,5.5,Loss,10
2025,5,Ross,Over,Ohio State/Washington,,51.5,Loss,22
2025,5,Adam,Favorite,Penn State,vs Oregon,3.5,Loss,10
2025,5,AJ,Dog,UCLA,at Northwestern,6.5,Win,4
2025,5,Kev,Favorite,Indiana,at Iowa,7.5,Loss,3
2025,6,AJ,Favorite,Texas,at Florida,5.5,Loss,14
2025,6,Adam,Favorite,Baylor,vs Kansas State,6,Loss,5
2025,6,Ross,Favorite,Alabama,vs Vanderbilt,10.5,Win,6
2025,6,Kev,Favorite,Notre Dame,vs Boise State,20.5,Win,1
2025,7,Kev,Favorite,Penn State,vs Northwestern,21,Loss,22
2025,7,Ross,Favorite,Oregon,vs Indiana,7,Loss,17
2025,7,AJ,Over,Navy/Temple,,52,Win,11
2025,7,Adam,Favorite,Cincinnati,vs UCF,10.5,Loss,2
2025,8,Ross,Dog,Purdue ,at Northwestern,3,Loss,16
2025,8,Adam,Over,GaTech/Duke,,60,Loss,15
2025,8,AJ,Over,Army/Tulane,,45,Loss,4
2025,8,Kev,Dog,USC,at Notre Dame,10,Push,-
2025,9,Adam,Favorite,Iowa State,vs BYU,2.5,Loss,17
2025,9,AJ,Favorite,Miami,vs Stanford,29,Win,6
2025,9,Ross,Dog,Tulsa,vs Temple,5.5,Win,5
2025,9,Kev,Favorite,VA Tech,vs California,4.5,Win,4
2025,10,Kev,Under,Navy/UNT,,65.5,Win,18
2025,10,Adam,Dog,Rice,vs Memphis,14,Loss,10
2025,10,Ross,Favorite,Tennessee,vs Oklahoma,3,Loss,9
2025,10,AJ,Favorite,Arkansas,vs Mississippi State,4.5,Loss,8
2025,11,Kev,Favorite,Texas Tech,vs BYU,10.5,Win,12
2025,11,Ross,Favorite,Indiana,at Penn State,15,Loss,12
2025,11,Adam,Favorite,Houston,at UCF,1,Win,2
2025,11,AJ,Dog,Auburn,at Vanderbilt,6.5,Loss,1
2025,12,Adam,Favorite,Georgia,vs Texas,6.5,Win,19
2025,12,AJ,Dog,Clemson,at Louisville,2.5,Win,4
2025,12,Kev,Over,Notre Dame/Pitt,,53.5,Loss,2
2025,12,Ross,Favorite,USC,vs Iowa,6.5,Loss,2
2025,13,Ross,Dog,UCLA,vs Washington,10.5,Loss,24
2025,13,AJ,Dog,Cincinnati ,vs BYU,3,Loss,9
2025,13,Kev,Under,Ohio State/Rutgers,,55.5,Win,5
2025,13,Adam,Dog,TCU,at Houston,1,Win,4
2025,14,Ross,Favorite,Indiana,at Purdue,28.5,Win,25
2025,14,AJ,Favorite,Miami,at Pittsburgh,7,Win,24
2025,14,Kev,Over,Miami/Pitt,,49,Loss,4
2025,14,Adam,Favorite,BYU,vs UCF,17.5,Win,3
2025,15,Ross,Favorite,North Texas,at Tulane,2,Loss,15
2025,15,AJ,Favorite,Ohio State,vs Indiana,4,Loss,7
2025,15,Kev,Under,Bama/Georgia,,49,Win,14
2025,15,Adam,Over,Indiana/Ohio State,,47,Loss,24
2026,0,Ross,Under,TCU/UNC,,47,Win,22
2026,0,AJ,Favorite,USC,,38.5,Loss,
2026,0,Kev,Favorite,North Dakota State,,6.5,Win,
2026,0,Adam,Favorite,UNLV,,4,Loss,
2026,1,Ross,Favorite,SMU,at Florida State,3,Push,-
2026,1,AJ,Favorite,Miami,at Stanford,23.5,Win,16
2026,1,Kev,Favorite,Alabama,vs East Carolina,27.5,Win,11
2026,1,Adam,Favorite,Okie State,at Tulsa,13.5,Loss,28
2026,2,Ross,Favorite,Iowa,vs Northern Illinois,14,Win,26
2026,2,AJ,Dog,UCF,vs Bethune-Cookman,7,Win,74
2026,2,Kev,Favorite,Ohio,at Nebraska,2.5,Loss,31
2026,2,Adam,Favorite,Illinois,vs UAB,6,Win,13
